id;forma;dominio;competencia;enunciado;alternativa_A;alternativa_B;alternativa_C;correcta;explicacion
A-P1;A (ingreso);Cambios de posición;P1 · Inclinación lateral de 30° con apoyo;Cuando la persona queda acostada de lado, ¿cómo debe quedar?;Completamente de lado, en ángulo recto (90°);Apenas inclinada, unos 30°, con una almohada en la espalda;Boca abajo, para descansar la espalda;B;De lado completo, todo el peso cae sobre el hueso de la cadera. Unos 30° con almohada reparten el peso.
A-P2;A (ingreso);Cambios de posición;P2 · Talones sin apoyo (flotando);¿Dónde va la almohada para que los talones no se apoyen en el colchón?;Debajo de las pantorrillas, con los talones en el aire;Debajo de los talones;No hace falta una almohada;A;La almohada va bajo las pantorrillas para que los talones queden «flotando».
A-S1;A (ingreso);Cuidado de la piel;S1 · Manejo de la humedad y crema barrera;Después de cambiar un pañal mojado, ¿qué corresponde hacer?;Frotar con alcohol para desinfectar;Echar talco en abundancia;Limpiar con suavidad, secar con toquecitos y aplicar crema barrera;C;La humedad debilita la piel. Limpiar con suavidad y proteger con crema barrera la cuida.
A-S2;A (ingreso);Cuidado de la piel;S2 · Cuidar la piel sin dañarla;Ve una zona enrojecida en la parte baja de la espalda. ¿Qué es lo correcto?;Masajearla para activar la circulación;Quitarle el apoyo y vigilarla;Frotarla con colonia;B;Masajear o frotar una zona roja puede dañar más los tejidos. Lo correcto es quitarle el apoyo.
A-R1;A (ingreso);Revisión de la piel;R1 · Frecuencia y momento de la revisión;¿Cada cuánto conviene revisar la piel?;Todos los días, con buena luz;Una vez por semana;Solo cuando la persona se queja;A;La revisión diaria permite encontrar a tiempo una zona en riesgo.
A-R2;A (ingreso);Revisión de la piel;R2 · Interpretación de la prueba del dedo;Presiona con el dedo una zona roja y NO se pone blanca. ¿Qué significa?;Que la piel está sana;Que necesita un masaje;Que puede ser una lesión por presión inicial: hay que quitar el apoyo y avisar;C;Una zona roja que no blanquea al presionar es una lesión por presión de categoría 1.
A-U1;A (ingreso);Colchón, cojín y apoyos;U1 · Evitar dispositivos inadecuados;¿Qué cojín es adecuado para estar sentado en el sillón?;Un cojín con forma de rosca, con hoyo al centro;Un cojín antiescaras indicado por su equipo de salud;Ninguno: es mejor una superficie dura;B;Las roscas aprietan la piel alrededor del hoyo. Se recomienda un cojín antiescaras.
A-U2;A (ingreso);Colchón, cojín y apoyos;U2 · La superficie no reemplaza los cambios de posición;Si la persona tiene un colchón antiescaras…;Igual necesita cambios de posición regulares;Ya no necesita cambiar de posición;Debe pasar el día sentada;A;El colchón ayuda, pero no reemplaza los cambios de posición.
A-N1;A (ingreso);Alimentación e hidratación;N1 · Proteínas en la alimentación;¿Qué alimentos ayudan más a que la piel se mantenga firme y se repare?;Bebidas azucaradas;Pan y galletas solamente;Huevo, leche, legumbres, pescado o carne;C;La piel necesita proteínas para mantenerse firme y repararse.
A-N2;A (ingreso);Alimentación e hidratación;N2 · Hidratación según indicación médica;Si el médico no ha indicado limitar líquidos, ¿cuánta agua conviene al día?;Unos 6 a 8 vasos, en sorbos durante el día;Un vaso al día;Lo menos posible, para no mojar el pañal;A;Una buena hidratación ayuda a la piel. Si hay restricción médica, se sigue esa indicación.
A-A1;A (ingreso);Señales de alarma;A1 · Cuándo consultar hoy;¿En cuál de estas situaciones hay que consultar hoy al equipo de salud?;La piel está un poco seca;Aparece una ampolla o la piel se abre;Las sábanas quedaron arrugadas;B;Una ampolla o una herida abierta requieren consultar el mismo día.
A-A2;A (ingreso);Señales de alarma;A2 · Cuándo acudir a urgencia;La herida tiene mal olor y la persona tiene fiebre y está confundida. ¿Qué hace?;Espera al próximo control;Le aplica crema y observa;Acude a un servicio de urgencia;C;Mal olor, fiebre y confusión pueden indicar una infección grave: es una urgencia.
B-P1;B (alta);Cambios de posición;P1 · Inclinación lateral de 30° con apoyo;Al girar a la persona hacia un costado, lo más seguro es…;Girarla del todo para que descanse la espalda;Sentarla con la cabecera muy levantada;Dejarla levemente inclinada, unos 30°, apoyada con almohadas;C;Unos 30° de inclinación, con almohada en la espalda y entre las rodillas, protegen la cadera.
B-P2;B (alta);Cambios de posición;P2 · Talones sin apoyo (flotando);En la mañana los talones están rojos. ¿Qué ayuda más?;Dejarlos en el aire con una almohada bajo las pantorrillas;Masajearlos;Ponerles un guante con agua;A;Quitar todo el apoyo de los talones es lo que más los protege. No se masajean.
B-S1;B (alta);Cuidado de la piel;S1 · Manejo de la humedad y crema barrera;La piel de la zona del pañal está húmeda e irritada. ¿Qué hace?;Deja el pañal más tiempo para no molestar;Cambia el pañal seguido, limpia con suavidad y usa crema barrera;Aplica colonia para refrescar;B;Cambio frecuente, limpieza suave y crema barrera (por ejemplo, de óxido de zinc) protegen la piel.
B-S2;B (alta);Cuidado de la piel;S2 · Cuidar la piel sin dañarla;¿Qué conviene usar para hidratar la piel seca?;Colonia;Talco;Crema hidratante sin perfume;C;La colonia y el alcohol resecan la piel. Una crema sin perfume la hidrata.
B-R1;B (alta);Revisión de la piel;R1 · Frecuencia y momento de la revisión;¿Cuál es el momento más práctico para revisar la piel cada día?;Durante el aseo diario;Solo en los controles médicos;Cuando ya apareció una herida;A;Aprovechar el aseo diario permite revisar con calma y buena luz.
B-R2;B (alta);Revisión de la piel;R2 · Interpretación de la prueba del dedo;Presiona una zona roja, se pone blanca y al soltar vuelve el color. ¿Qué indica?;Que es una herida grave;Que la sangre todavía circula: quite el apoyo y vigile;Que hay que masajearla;B;Si blanquea, la circulación se mantiene. Igual hay que quitar el apoyo y volver a revisar.
B-U1;B (alta);Colchón, cojín y apoyos;U1 · Evitar dispositivos inadecuados;¿Sirve poner un guante con agua bajo los talones?;Sí, es lo más recomendado;Solo durante la noche;No: es mejor una almohada bajo las pantorrillas;C;Los guantes con agua no se recomiendan. Los talones deben quedar en el aire.
B-U2;B (alta);Colchón, cojín y apoyos;U2 · La superficie no reemplaza los cambios de posición;Aunque el cojín del sillón sea bueno, al estar sentado…;Hay que cambiar el apoyo o la posición seguido;Puede quedarse todo el día igual;No conviene moverse;A;Ningún cojín reemplaza los cambios de apoyo y de posición.
B-N1;B (alta);Alimentación e hidratación;N1 · Proteínas en la alimentación;Para que la piel resista mejor, en cada comida conviene incluir…;Dulces;Proteínas;Nada en especial;B;Las proteínas (huevo, lácteos, legumbres, pescado, carne) ayudan a la piel.
B-N2;B (alta);Alimentación e hidratación;N2 · Hidratación según indicación médica;El médico indicó limitar los líquidos por el corazón. ¿Qué hace con la meta de agua?;Igual toma 8 vasos;Deja de tomar agua;Sigue la cantidad que indicó su médico;C;Cuando hay restricción médica, manda la indicación del médico.
B-A1;B (alta);Señales de alarma;A1 · Cuándo consultar hoy;En el talón aparece una zona morada o granate. ¿Qué hace?;La quita del apoyo y consulta hoy;Espera una semana;La masajea;A;Una zona morada puede ser daño profundo: se quita el apoyo y se consulta el mismo día.
B-A2;B (alta);Señales de alarma;A2 · Cuándo acudir a urgencia;La herida tiene pus, el enrojecimiento se extiende y hay escalofríos. ¿Qué corresponde?;Lavar con colonia;Acudir a un servicio de urgencia;Esperar a ver si mejora;B;Pus, enrojecimiento que se extiende y escalofríos son señales de urgencia.
D-01;D (diario);Colchón, cojín y apoyos;U2 · La superficie no reemplaza los cambios de posición;¿Cómo deben quedar las sábanas bajo la persona?;Estiradas, sin arrugas ni migas;Da igual, mientras estén limpias;Con varias capas dobladas;A;Las arrugas y las migas aprietan y rozan la piel.
D-02;D (diario);Cambios de posición;P1 · Inclinación lateral de 30° con apoyo;¿Hasta dónde conviene levantar la cabecera de la cama?;Lo más alto posible todo el día;Lo más baja posible, no más de 30°, salvo para comer;Siempre plana, incluso para comer;B;Con la cabecera alta, el cuerpo resbala y la piel del sacro sufre.
D-03;D (diario);Colchón, cojín y apoyos;U2 · La superficie no reemplaza los cambios de posición;Si está sentado y puede moverse, ¿cada cuánto conviene cambiar el apoyo?;Una vez al día;Nunca, para no cansarse;Cada 15 a 30 minutos, inclinándose hacia adelante o a un lado;C;Sentado, el peso se concentra en los glúteos. Cambiar el apoyo seguido los protege.
D-04;D (diario);Revisión de la piel;R2 · Interpretación de la prueba del dedo;En piel morena u oscura, ¿cómo se reconoce una zona en riesgo?;Solo por el color rojo;Por calor, dureza, hinchazón, dolor o un tono más oscuro;No se puede reconocer;B;En piel oscura el enrojecimiento cuesta verlo: el tacto y el dolor ayudan.
D-05;D (diario);Revisión de la piel;R1 · Frecuencia y momento de la revisión;¿Dónde más hay que revisar, además de los huesos que se apoyan?;Bajo sondas, mascarillas de oxígeno y medias;Solo en las manos;En ninguna otra parte;A;Los dispositivos médicos también pueden producir lesiones por presión.
D-06;D (diario);Cambios de posición;P1 · Inclinación lateral de 30° con apoyo;Para subir a la persona en la cama, lo mejor es…;Arrastrarla tomándola de los brazos;Pedirle que se empuje con los talones;Levantarla con una sábana entre dos personas;C;Arrastrar produce roce y daña la piel por dentro.
D-07;D (diario);Cambios de posición;P1 · Inclinación lateral de 30° con apoyo;Acostada de lado, ¿qué evita que una rodilla apriete a la otra?;Una almohada entre las rodillas;Cruzar las piernas;Nada: no importa;A;La almohada entre las rodillas protege los huesos de las piernas.
D-08;D (diario);Alimentación e hidratación;N2 · Hidratación según indicación médica;¿Cuál es la mejor forma de ofrecer agua?;Todo junto en la noche;En pequeños sorbos durante el día;Solo con las comidas;B;Los sorbos repartidos durante el día son más fáciles de tomar.
D-09;D (diario);Alimentación e hidratación;N1 · Proteínas en la alimentación;La persona come muy poco y está bajando de peso. ¿Qué hace?;Esperar a que recupere el apetito;Darle solo líquidos;Avisar al equipo de salud: pueden indicar suplementos;C;La desnutrición aumenta el riesgo. El equipo puede ajustar la alimentación.
D-10;D (diario);Cuidado de la piel;S2 · Cuidar la piel sin dañarla;Los ácidos grasos hiperoxigenados (AGHO), ¿reemplazan los cambios de posición?;No: pueden ayudar, pero nunca los reemplazan;Sí, con ellos basta;Sí, si se aplican dos veces al día;A;La evidencia sobre los AGHO es incierta. Los cambios de posición siguen siendo la base.
D-11;D (diario);Cuidado de la piel;S1 · Manejo de la humedad y crema barrera;Al secar la piel después del baño…;Se frota fuerte con la toalla;Se seca con toquecitos, sobre todo en los pliegues;Se deja húmeda para que se hidrate;B;Frotar daña la piel. La humedad en los pliegues la debilita.
D-12;D (diario);Revisión de la piel;R2 · Interpretación de la prueba del dedo;Una zona roja sí se pone blanca al presionar. ¿Qué hace?;La masajea;No hace nada;Quita el apoyo de esa zona y la revisa en unas horas;C;Es una señal de aviso: quitar el apoyo permite que se recupere.
D-13;D (diario);Revisión de la piel;R2 · Interpretación de la prueba del dedo;¿Puede una lesión por presión empezar por dentro, con la piel todavía entera?;Sí: el daño puede empezar cerca del hueso;No, siempre empieza como herida;Solo en personas jóvenes;A;Por eso importan la dureza, el calor, el dolor y los cambios de color.
D-14;D (diario);Cambios de posición;P2 · Talones sin apoyo (flotando);¿Quién define cada cuánto cambiar de posición?;Siempre cada 6 horas;Su equipo de salud, según su riesgo y su colchón (habitualmente cada 2 a 4 horas);Solo cuando la persona lo pide;B;La frecuencia se ajusta a cada persona. Use la que le indicó su equipo.
D-15;D (diario);Cambios de posición;P1 · Inclinación lateral de 30° con apoyo;¿Por qué no conviene acostar a la persona completamente de lado (90°)?;Porque se enfría;Porque cuesta más respirar;Porque todo el peso cae sobre el hueso de la cadera;C;Con unos 30° de inclinación, el peso se reparte mejor.
D-16;D (diario);Señales de alarma;A1 · Cuándo consultar hoy;Una zona está dura, caliente y dolorosa, aunque la piel siga entera. ¿Qué hace?;Consulta hoy a su equipo de salud;Le pone una bolsa caliente;La masajea con crema;A;Dureza, calor y dolor pueden indicar daño bajo la piel.
D-17;D (diario);Colchón, cojín y apoyos;U2 · La superficie no reemplaza los cambios de posición;Si la persona puede moverse sola, ¿qué conviene?;Que se quede quieta para no cansarse;Animarla a moverse por sí misma todo lo que pueda;Moverla solo en la noche;B;El movimiento propio ayuda a la circulación y mantiene la fuerza.
D-18;D (diario);Cuidado de la piel;S1 · Manejo de la humedad y crema barrera;Si hay incontinencia, ¿qué protege la piel?;Usar dos pañales a la vez;Lavar con agua muy caliente;Una crema barrera después de cada limpieza;C;La crema barrera forma una capa que protege de la humedad.
